"Sequence","Type","Traj t","Traj r","Rel t (delta=1)","Rel r (delta=1)","Rel t (delta=5)","Rel r (delta=5)","Seg t","Seg r"
"00","viso2-s",27.91381603373962,6.25385179420857,0.050137337333302036,0.08900204442132455,0.11263580089642714,0.21055825435307363,0.019633840143288547,0.008071607814207096
"00","fusion",9.857200846414955,2.8281260725808894,0.04809701312332534,0.08097248790454807,0.10767467622410062,0.19339816910759813,0.013379719431333145,0.006283941621946513
