"Sequence","Type","Traj t","Traj r","Rel t (delta=1)","Rel r (delta=1)","Rel t (delta=5)","Rel r (delta=5)","Seg t","Seg r"
"02","viso2-s",64.66520756541428,8.447097783068266,0.06243511027214398,0.07688173724754317,0.12767332101404805,0.15769689723433816,0.014741783090629876,0.005587780721346294
"02","fusion",50.18597102298139,6.505640391794013,0.06070522714760218,0.069201112789779,0.122109159555595,0.1452197134373635,0.014668630516193569,0.006312857012468309
