"Sequence","Type","Traj t","Traj r","Rel t (delta=1)","Rel r (delta=1)","Rel t (delta=5)","Rel r (delta=5)","Seg t","Seg r"
"05","viso2-s",23.71788175170136,8.104663156488837,0.05035627640558983,0.06492836803751044,0.10400905103283278,0.13460634168431326,0.017909303974115554,0.007897527951701705
"05","fusion",9.850742483327906,3.2310535841306,0.048754777777629994,0.05658281617141063,0.10135333212449997,0.11656595244901866,0.013840061811167263,0.006032703514552621
