Sequence,axis,Error,NLL
00,0,0.047671185305701344,-16.843542
00,1,0.1319466514863561,-16.843542
00,2,0.08823002741688807,-16.843542
02,0,0.04259876871191137,-18.441093
02,1,0.07065034144347829,-18.441093
02,2,0.07962688591086103,-18.441093
05,0,0.032600828357014,-19.313206
05,1,0.06414674004365635,-19.313206
05,2,0.05817126086294013,-19.313206
