Rep,Dropout-NLL,Dropout-MSE,Ensemble-NLL,Ensemble-MSE,Sigma-NLL,Sigma-MSE,HydraNet-NLL,HydraNet-MSE,HydraNet-Sigma-NLL,HydraNet-Sigma-MSE
0,20.81556215404293,52.4327057693293,83.67337946577496,29.088853615158282,9.108434772837322,15.716492752875585
1,11.728207206933288,37.97125539568137,127.10195490631011,44.03769801594351,12.361799288978712,15.356070949099387
2,72.74663955738525,37.65153722680287,205.10497221094124,29.93118626945943,16.4377534104112,17.539304925490498
3,16.57027053641489,41.55382753328677,64.69341120101235,21.623045702092973,11.467589938625661,15.283532261214843
4,20.356104664605095,41.625000700449164,190.90486398037243,28.25955725747867,11.10482946707771,16.336150715129317
