Rep,HydraNet-Sigma-NLL,HydraNet-Sigma-MSE
0,1.6917133586338289,6.803640386439742
1,1.483224012031757,2.763669129660376
2,1.6204986809480684,2.4668457840357987
3,1.6834248017971243,0.9757693304062427
4,1.582415536926149,1.676095245379434
5,1.5213120750480522,3.3988736881862867
6,1.6281079576815825,4.432927023032061
7,1.6260752599450141,3.5888933001477277
8,1.4670445630832,0.8345673384460153
9,1.6388115029117116,8.558800699461468
