Rep,Dropout-NLL,Dropout-MSE,Ensemble-NLL,Ensemble-MSE,Sigma-NLL,Sigma-MSE,HydraNet-NLL,HydraNet-MSE,HydraNet-Sigma-NLL,HydraNet-Sigma-MSE
0,29.25044421534884,47.18056376038281,74.35162329719948,23.1970439150465,8.354232795111116,14.949705603272331
1,7.226790916954599,28.60876539060872,77.90577005110673,28.493554106420927,8.905790820519485,16.106255567887676
2,50.580543647562564,48.81630232912592,228.71227186936923,32.968465746867686,7.008321742788681,15.126872008972263
3,72.18351748574426,27.589583897854713,298.9077952939615,22.52648757541089,9.436492158818334,15.485836422699673
4,12.81705571518951,33.127051401574725,583.1142473152325,22.241844029643822,9.723330984532966,14.333904404422737
