Rep,Ensemble-NLL,Ensemble-MSE,HydraNet-NLL,HydraNet-MSE,HydraNet-Sigma-NLL,HydraNet-Sigma-MSE
0,1.5991916934,11.0679300582,5.2580066475,4.0984260353,1.9994762471,3.7405137048
1,1.3447679583,1.4751533087,6.0627227722,4.6207459222,1.8229477735,8.9474081705
2,1.4556888565,1.0003507747,8.1248607561,15.3500515336,1.6659641879,1.0117871799
3,1.4647843038,6.3839522996,7.9536134863,13.2549286568,1.543786667,4.4314694196
4,1.383339385,4.6068526518,3.7122850482,8.0860111756,1.5802847909,9.7003150518
