Rep,Dropout-NLL,Dropout-MSE,Ensemble-NLL,Ensemble-MSE,Sigma-NLL,Sigma-MSE,HydraNet-NLL,HydraNet-MSE,HydraNet-Sigma-NLL,HydraNet-Sigma-MSE
0,93.02762002973898,38.50806451090716,455.1777227213609,30.604941709936636,6.18759429424259,15.150950967584102
1,10.854668791963247,29.122540387032842,181.47447940860155,28.82541609232893,8.23456495920015,14.67982205396585
2,9.892191539162534,38.288611754429596,98.15910286224981,15.957678608809848,8.297296934307488,15.695267825188894
3,16.128509812220532,34.13690293946167,54.44137677332929,21.82256213555103,11.457347537292517,16.638474294782693
4,27.67434033999479,26.212055354128122,190.1407703519776,27.776388386403195,14.346081591734716,15.755694593943185
