Rep,Ensemble-NLL,Ensemble-MSE,HydraNet-NLL,HydraNet-MSE,HydraNet-Sigma-NLL,HydraNet-Sigma-MSE
0,1.454521125,3.8412237367,4.5115920787,4.2676298999,1.4299970265,1.5904707143
1,1.7520737924,6.4719862347,6.868314655,0.8642514386,1.7379309557,9.3954649732
2,1.3813832192,1.0361468379,3.4250240322,1.8678609538,1.4609724611,1.6863516727
3,1.5048514775,3.4342872395,3.8567594888,0.9651287825,1.7032896061,5.4127950241
4,1.4607731062,2.9048814361,3.8743471932,9.1699762142,1.8489623439,5.1295280945
