Rep,Ensemble-NLL,Ensemble-MSE,Sigma-NLL,Sigma-MSE,HydraNet-NLL,HydraNet-MSE,HydraNet-Sigma-NLL,HydraNet-Sigma-MSE
0,1.3121869455128246,3.733182115905335,2.450262235435023,9.908707964505107,11.509475354531785,12.890554113730014,1.5093342861648749,3.3917799700963003
