Rep,Dropout-NLL,Dropout-MSE,Ensemble-NLL,Ensemble-MSE,Sigma-NLL,Sigma-MSE,HydraNet-NLL,HydraNet-MSE,HydraNet-Sigma-NLL,HydraNet-Sigma-MSE
0,365.7113729831465,4.372538431306081,1.768381719532294,2.309441149243982,7.5900531989858,7.053998384499737,36.88368071874429,8.88816725914986,11.103690824541212,5.930373454560031
