Rep,Ensemble-NLL,Ensemble-MSE,HydraNet-NLL,HydraNet-MSE,HydraNet-Sigma-NLL,HydraNet-Sigma-MSE
0,1.7443840385,19.1152499806,2.8250544377,7.4764668428,1.6657068997,3.6009328984
1,1.3758128523,3.2207694965,19.6380842654,8.4841213397,1.6134224392,3.3975692575
2,1.3984530936,2.8087397904,7.1662320722,1.6448262607,1.5799619399,1.3833947922
3,2.4175370309,1.709840483,8.7656636206,2.2627312251,1.7245464486,10.6838366046
4,1.3887984443,4.0777787063,28.1211709364,2.0163108238,1.4879781335,4.6952804005
